<?xml version="1.0" encoding="UTF-8"?>
<project-private xmlns="http://www.netbeans.org/ns/project-private/1">
    <editor-bookmarks xmlns="http://www.netbeans.org/ns/editor-bookmarks/2" lastBookmarkId="0"/>
    <open-files xmlns="http://www.netbeans.org/ns/projectui-open-files/2">
        <group>
            <file>file:/C:/Users/pc/Documents/NetBeansProjects/Airline%20booking%20system/src/airlinebookingsystem/Home.java</file>
            <file>file:/C:/Users/pc/Documents/NetBeansProjects/Airline%20booking%20system/src/airlinebookingsystem/FlightInfo.java</file>
            <file>file:/C:/Users/pc/Documents/NetBeansProjects/Airline%20booking%20system/src/airlinebookingsystem/AddCustomer.java</file>
            <file>file:/C:/Users/pc/Documents/NetBeansProjects/Airline%20booking%20system/src/airlinebookingsystem/BookFlight.java</file>
            <file>file:/C:/Users/pc/Documents/NetBeansProjects/Airline%20booking%20system/src/airlinebookingsystem/Conn.java</file>
            <file>file:/C:/Users/pc/Documents/NetBeansProjects/Airline%20booking%20system/src/airlinebookingsystem/JourneyDetails.java</file>
            <file>file:/C:/Users/pc/Documents/NetBeansProjects/Airline%20booking%20system/test/package%20airlinemanagementsystem.txt</file>
            <file>file:/C:/Users/pc/Documents/NetBeansProjects/Airline%20booking%20system/src/airlinebookingsystem/Cancel.java</file>
            <file>file:/C:/Users/pc/Documents/NetBeansProjects/Airline%20booking%20system/src/airlinebookingsystem/BoardingPass.java</file>
            <file>file:/C:/Users/pc/Documents/NetBeansProjects/Airline%20booking%20system/test/package%20airlinemanagementsystem2.txt</file>
        </group>
    </open-files>
</project-private>
